Date,Sales,Profit
2021-01-01,149600,26480.0
2021-01-02,376390,70291.5
2021-01-03,26900,5637.0
2021-01-04,370500,62590.0
2021-01-05,334700,57612.0
2021-01-06,75000,15410.0
2021-01-07,656500,114950.0
2021-01-08,386070,70931.0
2021-01-09,112500,23065.0
2021-01-10,212900,39837.0
2021-01-11,393900,71175.0
2021-01-12,177000,30807.0
2021-01-13,154780,25187.0
2021-01-14,344850,53512.5
2021-01-15,95800,16940.0
2021-01-16,376500,73350.0
2021-01-17,641700,118365.0
2021-01-18,523100,89260.0
2021-01-19,214500,40690.0
2021-01-20,426700,80750.0
2021-01-21,217700,41646.0
2021-01-22,243500,43085.0
2021-01-23,43200,8876.0
2021-01-24,168500,32320.0
2021-01-25,129200,25180.0
2021-01-26,275000,48200.0
2021-01-27,294180,52353.0
2021-01-28,201800,35304.0
2021-01-29,140100,27760.0
2021-01-30,262300,46600.0
2021-01-31,453100,77000.0
2021-02-01,320000,51680.0
2021-02-02,380780,67494.5
2021-02-03,325710,59563.0
2021-02-04,496800,83547.0
2021-02-05,450500,82370.0
2021-02-06,317500,50408.0
2021-02-07,176600,32180.0
2021-02-08,375300,65100.0
2021-02-09,211000,36585.0
2021-02-10,346700,56950.0
2021-02-11,472000,84444.0
2021-02-12,530000,96870.0
2021-02-13,587230,110085.5
2021-02-14,315900,54060.0
2021-02-15,185050,31312.5
2021-02-16,95500,19530.0
2021-02-17,563000,99840.0
2021-02-18,307080,54998.0
2021-02-19,411900,75277.0
2021-02-20,316800,55920.0
2021-02-21,308000,52130.0
2021-02-22,478000,81840.0
2021-02-23,161550,28844.5
2021-02-24,300900,53370.0
2021-02-25,287200,48265.0
2021-02-26,99060,18486.0
2021-02-27,176700,36234.0
2021-02-28,162500,27530.0
2021-03-01,443300,69524.0
2021-03-02,437300,84892.0
2021-03-03,340500,58920.0
2021-03-04,73400,15104.0
2021-03-05,56500,11077.0
2021-03-06,86900,16874.0
2021-03-07,112440,18144.0
2021-03-08,461600,77153.0
2021-03-09,108860,17905.0
2021-03-10,3000,600.0
2021-03-11,287500,55175.0
2021-03-12,15600,3830.0
2021-03-13,444420,80127.0
2021-03-14,513300,88250.0
2021-03-15,203300,37690.0
2021-03-16,103500,17923.0
2021-03-17,192800,36194.0
2021-03-18,605120,94171.0
2021-03-19,205760,36971.0
2021-03-20,79000,14220.0
2021-03-21,67000,12500.0
2021-03-22,251500,45525.0
2021-03-23,379230,57246.5
2021-03-24,550120,96142.0
2021-03-25,17300,4179.0
2021-03-26,42270,9296.0
2021-03-27,338700,62330.0
2021-03-28,148500,28715.0
2021-03-29,411750,75349.0
2021-03-30,12000,3060.0
2021-03-31,526000,99100.0
2021-04-01,644200,116104.0
2021-04-02,220000,41620.0
2021-04-03,555500,91490.0
2021-04-04,191400,32175.0
2021-04-05,180300,29031.0
2021-04-06,190700,33601.0
2021-04-07,413540,76901.0
2021-04-08,280800,49503.0
2021-04-09,619500,109930.0
2021-04-10,86800,15312.0
2021-04-11,79500,15515.0
2021-04-12,528890,86355.5
2021-04-13,351690,62918.0
2021-04-14,161900,30840.0
2021-04-15,696000,123120.0
2021-04-16,5000,1100.0
2021-04-17,114020,24301.0
2021-04-18,38900,8867.0
2021-04-19,77300,16290.0
2021-04-20,353630,59350.5
2021-04-21,43860,8255.0
2021-04-22,53090,10511.5
2021-04-23,223000,40520.0
2021-04-24,50400,10770.0
2021-04-25,436700,78416.0
2021-04-26,166200,28190.0
2021-04-27,906800,153250.0
2021-04-28,303000,53556.0
2021-04-29,280000,52990.0
2021-04-30,505000,83230.0
2021-05-01,282800,52590.0
2021-05-02,319490,58823.5
2021-05-03,410100,74000.0
2021-05-04,404200,67556.0
2021-05-05,69890,13081.5
2021-05-06,60600,11068.0
2021-05-07,2800,840.0
2021-05-08,253500,45665.0
2021-05-09,294000,53400.0
2021-05-10,284200,48116.0
2021-05-11,468800,88110.0
2021-05-12,423500,73525.0
2021-05-13,565050,105112.5
2021-05-14,44400,9816.0
2021-05-15,286000,49846.0
2021-05-16,410200,76744.0
2021-05-17,1000100,176142.0
2021-05-18,60000,12535.0
2021-05-19,164000,31300.0
2021-05-20,117600,21854.5
2021-05-21,230600,41730.0
2021-05-22,279800,50500.0
2021-05-23,111900,21180.0
2021-05-24,131400,20892.0
2021-05-25,668100,114563.0
2021-05-26,316210,55263.0
2021-05-27,12770,3219.5
2021-05-28,240200,42558.0
2021-05-29,159020,29632.0
2021-05-30,237000,40200.0
2021-05-31,310000,55800.0
2021-06-01,125000,19706.0
2021-06-02,353000,58665.0
2021-06-03,538200,98280.0
2021-06-04,453580,82132.0
2021-06-05,939000,163385.0
2021-06-06,599000,102631.0
2021-06-07,772000,120640.0
2021-06-08,346100,61139.0
2021-06-09,526600,86112.0
2021-06-10,283290,50951.5
2021-06-11,590400,105590.0
2021-06-12,437600,77801.0
2021-06-13,245400,40390.0
2021-06-14,221650,40472.5
2021-06-15,265400,47656.0
2021-06-16,53500,9815.0
2021-06-17,20500,4750.0
2021-06-18,197900,36337.0
2021-06-19,550740,101828.5
2021-06-20,22770,4741.0
2021-06-21,328670,61673.5
2021-06-22,103300,16150.0
2021-06-23,91000,17680.0
2021-06-24,110540,23692.0
2021-06-25,55400,13415.0
2021-06-26,356070,65601.0
2021-06-27,650270,117424.5
2021-06-28,224100,39278.0
2021-06-29,281500,50450.0
2021-06-30,342500,58425.0
2021-07-01,673500,122530.0
2021-07-02,380380,63949.0
2021-07-03,203400,36786.0
2021-07-04,79500,15035.0
2021-07-05,474000,81630.0
2021-07-06,104400,19440.0
2021-07-07,363200,59630.0
2021-07-08,255000,46290.0
2021-07-09,287100,51878.0
2021-07-10,326800,59014.0
2021-07-11,192000,31990.0
2021-07-12,435860,78671.0
2021-07-13,210500,34050.0
2021-07-14,535750,94127.0
2021-07-15,231890,44789.0
2021-07-16,451150,74107.5
2021-07-17,265070,48166.0
2021-07-18,189700,32630.0
2021-07-19,255800,43030.0
2021-07-20,10100,2726.0
2021-07-21,458400,76235.0
2021-07-22,82200,14240.0
2021-07-23,312800,54950.0
2021-07-24,176000,28340.0
2021-07-25,128000,20000.0
2021-07-26,130500,20750.0
2021-07-27,258600,48460.0
2021-07-28,38300,8260.0
2021-07-29,606900,108156.0
2021-07-30,240570,37886.0
2021-07-31,289000,49650.0
2021-08-01,567750,104272.0
2021-08-02,330410,65990.0
2021-08-03,197900,33360.0
2021-08-04,317260,58421.0
2021-08-05,187000,37480.0
2021-08-06,365200,66208.0
2021-08-07,344030,57740.5
2021-08-08,509000,81380.0
2021-08-09,358800,66700.0
2021-08-10,77900,14375.0
2021-08-11,606500,101745.0
2021-08-12,228500,38958.0
2021-08-13,345000,62040.0
2021-08-14,133900,28413.0
2021-08-15,149200,26792.0
2021-08-16,211800,37339.0
2021-08-17,514030,81580.5
2021-08-18,392500,72465.0
2021-08-19,568200,103062.0
2021-08-20,509500,95890.0
2021-08-21,510600,89768.0
2021-08-22,295000,48930.0
2021-08-23,1002000,172590.0
2021-08-24,118280,22884.0
2021-08-25,149300,28410.0
2021-08-26,388500,72570.0
2021-08-27,197300,36170.0
2021-08-28,121100,24800.0
2021-08-29,25200,5690.0
2021-08-30,273260,50057.0
2021-08-31,351450,64206.5
2021-09-01,243500,45490.0
2021-09-02,185300,32635.0
2021-09-03,81600,15120.0
2021-09-04,180700,29315.0
2021-09-05,349710,61543.5
2021-09-06,303000,53375.0
2021-09-07,150400,30365.0
2021-09-08,364700,65770.0
2021-09-09,77240,16122.0
2021-09-10,310750,55847.5
2021-09-11,78410,13176.0
2021-09-12,293040,57718.0
2021-09-13,139000,22665.0
2021-09-14,160800,30264.0
2021-09-15,20600,4751.0
2021-09-16,598800,104920.0
2021-09-17,223640,35492.0
2021-09-18,311000,59150.0
2021-09-19,100870,20849.5
2021-09-20,15650,3527.5
2021-09-21,451600,75080.0
2021-09-22,98450,21776.5
2021-09-23,71570,15735.0
2021-09-24,258200,48060.0
2021-09-25,346600,56080.0
2021-09-26,294400,52800.0
2021-09-27,729600,130860.0
2021-09-28,407000,73790.0
2021-09-29,541800,95100.0
2021-09-30,108600,16972.0
2021-10-01,220200,40652.0
2021-10-02,314800,58170.0
2021-10-03,640450,113505.0
2021-10-04,451500,78650.0
2021-10-05,107900,22084.0
2021-10-06,466100,82220.0
2021-10-07,77120,14002.0
2021-10-08,25280,5584.0
2021-10-09,212600,35160.0
2021-10-10,482000,82090.0
2021-10-11,317000,59490.0
2021-10-12,36400,7576.0
2021-10-13,81000,14540.0
2021-10-14,139000,25840.0
2021-10-15,625600,115670.0
2021-10-16,596500,109520.0
2021-10-17,454500,71240.0
2021-10-18,69210,14009.0
2021-10-19,101500,19495.0
2021-10-20,19900,3622.0
2021-10-21,415500,66170.0
2021-10-22,17500,4375.0
2021-10-23,379830,61520.5
2021-10-24,157000,29065.0
2021-10-25,58500,12155.0
2021-10-26,285200,49406.0
2021-10-27,75000,13725.0
2021-10-28,118300,20434.0
2021-10-29,106100,19538.0
2021-10-30,164000,25010.0
2021-10-31,186900,34860.0
2021-11-01,119000,22710.0
2021-11-02,320700,56240.0
2021-11-03,30470,7031.0
2021-11-04,329550,54496.5
2021-11-05,180050,28391.0
2021-11-06,335000,57000.0
2021-11-07,862000,155620.0
2021-11-08,338100,64623.0
2021-11-09,176900,29360.0
2021-11-10,65000,11665.0
2021-11-11,443600,78022.0
2021-11-12,657900,118370.0
2021-11-13,393040,61814.0
2021-11-14,559000,99860.0
2021-11-15,268450,45645.0
2021-11-16,368000,64304.0
2021-11-17,105500,20635.0
2021-11-18,163030,30330.5
2021-11-19,318400,56690.0
2021-11-20,85500,20090.0
2021-11-21,325940,60677.0
2021-11-22,16600,2908.0
2021-11-23,134500,25710.0
2021-11-24,337000,54850.0
2021-11-25,172120,25842.0
2021-11-26,386000,59020.0
2021-11-27,365400,64912.0
2021-11-28,183430,33162.5
2021-11-29,445280,89459.0
2021-11-30,208500,34940.0
2021-12-01,344700,57750.0
2021-12-02,355200,59406.0
2021-12-03,163100,30276.0
2021-12-04,61800,11570.0
2021-12-05,236200,40060.0
2021-12-06,51600,9985.0
2021-12-07,749900,136754.0
2021-12-08,312500,49375.0
2021-12-09,402500,72710.0
2021-12-10,189900,38150.0
2021-12-11,338500,62820.0
2021-12-12,72400,12600.0
2021-12-13,181300,35934.0
2021-12-14,298150,56287.5
2021-12-15,104200,17870.0
2021-12-16,348400,60550.0
2021-12-17,196150,33592.5
2021-12-18,575000,96505.0
2021-12-19,103500,20435.0
2021-12-20,190330,40019.5
2021-12-21,315630,54803.5
2021-12-22,34000,8075.0
2021-12-23,68700,12721.0
2021-12-24,192280,29804.0
2021-12-25,80950,14565.0
2021-12-26,143800,26839.0
2021-12-27,609800,97720.0
2021-12-28,129000,24105.0
2021-12-29,152150,27312.5
2021-12-30,133700,25640.0
2021-12-31,305500,52725.0
2022-01-01,106060,19821.0
2022-01-02,528500,83325.0
2022-01-03,162630,33692.0
2022-01-04,137960,25866.0
2022-01-05,504500,83050.0
2022-01-06,39900,8145.0
2022-01-07,851700,147470.0
2022-01-08,292900,52360.0
2022-01-09,106100,19510.0
2022-01-10,277300,55225.0
2022-01-11,144580,23049.0
2022-01-12,44900,9025.0
2022-01-13,125800,22824.0
2022-01-14,298000,48120.0
2022-01-15,392500,68425.0
2022-01-16,42640,7467.0
2022-01-17,166500,32575.0
2022-01-18,132800,26624.0
2022-01-19,153400,25310.0
2022-01-20,231100,44480.0
2022-01-21,588000,105042.0
2022-01-22,98300,18937.0
2022-01-23,79900,14700.0
2022-01-24,85700,16701.0
2022-01-25,341100,58750.0
2022-01-26,82600,14516.0
2022-01-27,89830,18405.0
2022-01-28,99000,19000.0
2022-01-29,270600,44048.0
2022-01-30,653460,107536.0
2022-01-31,198500,35315.0
2022-02-01,407000,67450.0
2022-02-02,117500,22840.0
2022-02-03,83000,16760.0
2022-02-04,386640,61522.0
2022-02-05,75900,15574.0
2022-02-06,458200,80170.0
2022-02-07,113500,18940.0
2022-02-08,66940,13466.0
2022-02-09,420200,75836.0
2022-02-10,263600,42214.0
2022-02-11,122000,24980.0
2022-02-12,120400,22860.0
2022-02-13,354000,62120.0
2022-02-14,288530,50795.5
2022-02-15,139420,22653.5
2022-02-16,17300,4325.0
2022-02-17,687140,131002.0
2022-02-18,105200,17900.0
2022-02-19,370560,64811.0
2022-02-20,363450,65222.5
2022-02-21,110000,20795.0
2022-02-22,221600,34760.0
2022-02-23,227270,35957.0
2022-02-24,136900,24940.0
2022-02-25,128720,23862.0
2022-02-26,300490,47788.5
2022-02-27,288560,44276.0
2022-02-28,77300,13600.0
2022-03-01,151000,30120.0
2022-03-02,421600,65320.0
2022-03-03,40280,8804.0
2022-03-04,144880,25742.0
2022-03-05,206870,36080.0
2022-03-06,968300,161784.0
2022-03-07,381500,67375.0
2022-03-08,109330,18792.5
2022-03-09,85300,15944.0
2022-03-10,291810,50863.0
2022-03-11,168500,29925.0
2022-03-12,105500,19540.0
2022-03-13,287900,50780.0
2022-03-14,364030,63470.5
2022-03-15,222700,35230.0
2022-03-16,262500,40330.0
2022-03-17,367900,63505.0
2022-03-18,349800,67280.0
2022-03-19,213600,36443.0
2022-03-20,323200,52750.0
2022-03-21,391550,65795.0
2022-03-22,231300,42660.0
2022-03-23,72000,12000.0
2022-03-24,175950,29052.5
2022-03-25,536300,94750.0
2022-03-26,214900,33797.0
2022-03-27,46000,9200.0
2022-03-28,377670,62939.0
2022-03-29,90000,17400.0
2022-03-30,66600,13900.0
2022-03-31,88000,17830.0
2022-04-01,639050,117831.5
2022-04-02,102400,19448.0
2022-04-03,164700,31800.0
2022-04-04,201300,37845.0
2022-04-05,880300,147425.0
2022-04-06,161500,29310.0
2022-04-07,248140,44114.0
2022-04-08,891450,139266.5
2022-04-09,743500,134830.0
2022-04-10,153500,24035.0
2022-04-11,455060,80061.0
2022-04-12,366140,59882.0
2022-04-13,573800,102680.0
2022-04-14,225100,42261.0
2022-04-15,89900,16570.0
2022-04-16,355000,55674.0
2022-04-17,144560,23368.0
2022-04-18,1216500,205950.0
2022-04-19,616500,93430.0
2022-04-20,378000,70700.0
2022-04-21,67500,14850.0
2022-04-22,72700,13560.0
2022-04-23,3000,660.0
2022-04-24,196700,32821.0
2022-04-25,48600,10568.0
2022-04-26,373500,58485.0
2022-04-27,747700,138196.0
2022-04-28,295640,52012.0
2022-04-29,50000,7800.0
2022-04-30,249500,46490.0
2022-05-01,60500,11335.0
2022-05-02,295900,56980.0
2022-05-03,29240,6584.0
2022-05-04,249570,43246.0
2022-05-05,291600,51368.0
2022-05-06,517400,94110.0
2022-05-07,233220,47149.0
2022-05-08,154610,25498.5
2022-05-09,420600,81002.0
2022-05-10,512090,87831.5
2022-05-11,113700,20086.0
2022-05-12,345080,59294.0
2022-05-13,279700,51397.0
2022-05-14,279000,47470.0
2022-05-15,201500,35480.0
2022-05-16,160100,29814.0
2022-05-17,310300,52590.0
2022-05-18,412500,67385.0
2022-05-19,597100,105987.5
2022-05-20,470500,87750.0
2022-05-21,286980,50266.0
2022-05-22,192000,38690.0
2022-05-23,279000,48496.0
2022-05-24,64500,13760.0
2022-05-25,239900,40910.0
2022-05-26,158440,27673.5
2022-05-27,413500,68050.0
2022-05-28,376300,66134.0
2022-05-29,148400,24200.0
2022-05-30,349100,66258.0
2022-05-31,224060,34661.0
2022-06-01,297270,48126.0
2022-06-02,342000,53960.0
2022-06-03,114500,21810.0
2022-06-04,391900,71790.0
2022-06-05,292900,49785.0
2022-06-06,215800,33600.0
2022-06-07,35300,7260.0
2022-06-08,80700,16170.0
2022-06-09,13100,3260.0
2022-06-10,145800,27554.0
2022-06-11,244500,41220.0
2022-06-12,178230,32150.5
2022-06-13,567000,86330.0
2022-06-14,102600,20178.0
2022-06-15,49400,10240.0
2022-06-16,246000,42036.0
2022-06-17,206600,36688.0
2022-06-18,248500,46225.0
2022-06-19,261400,49637.0
2022-06-20,311810,54893.5
2022-06-21,244500,43530.0
2022-06-22,222200,43048.0
2022-06-23,136120,26242.0
2022-06-24,221500,40400.0
2022-06-25,372800,66790.0
2022-06-26,311600,56800.0
2022-06-27,343000,61195.0
2022-06-28,25000,5654.0
2022-06-29,395380,67119.0
2022-06-30,37500,7830.0
2022-07-01,422500,70630.0
2022-07-02,403000,69405.0
2022-07-03,60100,12670.0
2022-07-04,140620,25396.0
2022-07-05,175300,32564.0
2022-07-06,605500,110224.0
2022-07-07,347490,57447.0
2022-07-08,305530,50185.5
2022-07-09,20000,4300.0
2022-07-10,118800,23820.0
2022-07-11,237700,42039.0
2022-07-12,317750,57855.0
2022-07-13,72000,12720.0
2022-07-14,323000,57130.0
2022-07-15,243840,43858.0
2022-07-16,175800,29489.0
2022-07-17,107000,20650.0
2022-07-18,157710,25213.0
2022-07-19,403500,75720.0
2022-07-20,472500,80370.0
2022-07-21,404500,74300.0
2022-07-22,383280,70584.0
2022-07-23,222580,38266.0
2022-07-24,232500,45400.0
2022-07-25,447000,85180.0
2022-07-26,266100,44148.0
2022-07-27,303000,58280.0
2022-07-28,27600,5610.0
2022-07-29,321400,57112.0
2022-07-30,67800,13544.0
2022-07-31,913000,154965.0
2022-08-01,72700,14485.0
2022-08-02,116800,22550.0
2022-08-03,309700,55046.0
2022-08-04,301900,49455.0
2022-08-05,23400,4420.0
2022-08-06,86400,16850.0
2022-08-07,386300,68834.0
2022-08-08,115000,18400.0
2022-08-09,34500,5880.0
2022-08-10,228280,36068.0
2022-08-11,404900,72951.0
2022-08-12,84500,16650.0
2022-08-13,304630,53960.5
2022-08-14,164100,30565.0
2022-08-15,67550,13935.0
2022-08-16,37200,7161.0
2022-08-17,473700,74778.0
2022-08-18,244200,42686.0
2022-08-19,112630,21670.5
2022-08-20,168500,33116.0
2022-08-21,271000,52400.0
2022-08-22,97600,19948.0
2022-08-23,321500,56600.0
2022-08-24,245000,47150.0
2022-08-25,529000,93416.0
2022-08-26,237650,46102.5
2022-08-27,688800,120154.0
2022-08-28,80100,16935.0
2022-08-29,177000,32000.0
2022-08-30,151500,31080.0
2022-08-31,54700,12008.0
2022-09-01,114500,21545.0
2022-09-02,140800,25226.0
2022-09-03,549000,96120.0
2022-09-04,483600,74670.0
2022-09-05,386700,72026.0
2022-09-06,262500,44575.0
2022-09-07,146570,25296.0
2022-09-08,156000,26360.0
2022-09-09,468100,83876.0
2022-09-10,276100,43428.0
2022-09-11,593900,97170.0
2022-09-12,240000,37760.0
2022-09-13,308500,58140.0
2022-09-14,190000,34340.0
2022-09-15,72400,14665.0
2022-09-16,92770,16265.0
2022-09-17,298410,52490.0
2022-09-18,223900,36570.0
2022-09-19,456890,81055.5
2022-09-20,30000,6600.0
2022-09-21,284020,46099.0
2022-09-22,353000,61770.0
2022-09-23,53600,8680.0
2022-09-24,627630,110628.5
2022-09-25,82000,13480.0
2022-09-26,236590,42060.5
2022-09-27,469400,81972.0
2022-09-28,54000,11125.0
2022-09-29,162300,30124.0
2022-09-30,210900,38035.0
2022-10-01,140230,26405.5
2022-10-02,120800,21840.0
2022-10-03,195000,29250.0
2022-10-04,426400,69262.0
2022-10-05,404500,74820.0
2022-10-06,498800,86680.0
2022-10-07,336200,57596.0
2022-10-08,557900,99838.0
2022-10-09,270000,49104.0
2022-10-10,64970,12661.0
2022-10-11,131300,25280.0
2022-10-12,256260,46471.0
2022-10-13,22000,4600.0
2022-10-14,183650,30042.5
2022-10-15,73300,15020.0
2022-10-16,421060,66491.0
2022-10-17,493100,88975.0
2022-10-18,79710,14663.0
2022-10-19,221400,38424.0
2022-10-20,143500,29955.0
2022-10-21,52500,9400.0
2022-10-22,639410,117779.0
2022-10-23,305800,55719.0
2022-10-24,281600,50848.0
2022-10-25,389600,71925.0
2022-10-26,250600,40168.0
2022-10-27,264000,43955.0
2022-10-28,149500,28530.0
2022-10-29,431000,75290.0
2022-10-30,83500,14650.0
2022-10-31,43100,8705.0
2022-11-01,241780,41649.0
2022-11-02,551430,102760.5
2022-11-03,134000,25855.0
2022-11-04,67420,12536.0
2022-11-05,173850,30588.5
2022-11-06,84800,17364.0
2022-11-07,462200,76545.0
2022-11-08,223380,37543.0
2022-11-09,196800,32431.0
2022-11-10,351920,59662.0
2022-11-11,292300,46995.0
2022-11-12,221300,40796.0
2022-11-13,628000,109370.0
2022-11-14,732700,125290.0
2022-11-15,94200,18780.0
2022-11-16,451000,78250.0
2022-11-17,264800,46620.0
2022-11-18,67600,12040.0
2022-11-19,214770,35999.5
2022-11-20,168590,28491.5
2022-11-21,245500,44410.0
2022-11-22,267100,49417.0
2022-11-23,671370,117001.0
2022-11-24,125900,23320.0
2022-11-25,453400,80680.0
2022-11-26,422990,71292.0
2022-11-27,843110,148051.0
2022-11-28,424400,70816.0
2022-11-29,19700,4642.0
2022-11-30,258500,47040.0
2022-12-01,355200,60906.0
2022-12-02,292490,48597.0
2022-12-03,441000,76805.0
2022-12-04,134600,23390.0
2022-12-05,118050,18541.0
2022-12-06,109760,21761.0
2022-12-07,270000,46200.0
2022-12-08,25500,3975.0
2022-12-09,97700,16390.0
2022-12-10,72630,15225.5
2022-12-11,36200,7436.0
2022-12-12,306260,57368.0
2022-12-13,61100,13247.0
2022-12-14,225780,34859.0
2022-12-15,193400,39560.0
2022-12-16,121210,24723.0
2022-12-17,118240,22687.0
2022-12-18,92000,15980.0
2022-12-19,242200,37346.0
2022-12-20,338600,56248.0
2022-12-21,61600,11975.0
2022-12-22,168500,32105.0
2022-12-23,377100,69208.0
2022-12-24,187500,33810.0
2022-12-25,90000,17040.0
2022-12-26,79700,17460.0
2022-12-27,161650,29752.5
2022-12-28,420,126.0
2022-12-29,413850,65445.0
2022-12-30,147900,24042.0
2022-12-31,319000,51380.0
2023-01-01,442500,75020.0
2023-01-02,67530,13385.5
2023-01-03,38200,7076.0
2023-01-04,262140,41165.5
2023-01-05,151500,27705.0
2023-01-06,250950,42392.5
2023-01-07,136000,24280.0
2023-01-08,141800,23060.0
2023-01-09,395000,63750.0
2023-01-10,196900,33862.0
2023-01-11,202600,36580.0
2023-01-12,448400,77248.0
2023-01-13,203000,37450.0
2023-01-14,327500,59055.0
2023-01-15,357140,57387.0
2023-01-16,227290,43556.0
2023-01-17,278000,49440.0
2023-01-18,280770,45494.5
2023-01-19,174800,29869.0
2023-01-20,125500,21900.0
2023-01-21,98840,16008.0
2023-01-22,132200,27410.0
2023-01-23,66000,12580.0
2023-01-24,360280,64084.0
2023-01-25,286500,55215.0
2023-01-26,86200,17326.0
2023-01-27,361000,59110.0
2023-01-28,307150,54682.5
2023-01-29,228560,38246.0
2023-01-30,184230,36795.5
2023-01-31,337950,54756.5
2023-02-01,98740,17822.0
2023-02-02,498640,96612.0
2023-02-03,55000,12100.0
2023-02-04,275000,50490.0
2023-02-05,401200,73071.0
2023-02-06,342800,61176.0
2023-02-07,316500,58485.0
2023-02-08,242000,45600.0
2023-02-09,129800,26985.0
2023-02-10,21400,4792.0
2023-02-11,102800,21437.0
2023-02-12,237200,44640.0
2023-02-13,387000,71430.0
2023-02-14,87080,15598.0
2023-02-15,244280,41209.0
2023-02-16,299890,56436.0
2023-02-17,389500,61700.0
2023-02-18,148000,23280.0
2023-02-19,73500,12140.0
2023-02-20,838590,153729.0
2023-02-21,152530,28955.5
2023-02-22,164600,30740.0
2023-02-23,292060,48281.0
2023-02-24,130140,22692.0
2023-02-25,190900,33904.0
2023-02-26,101250,17200.0
2023-02-27,58300,10701.0
2023-02-28,843850,147390.0
2023-03-01,220700,37960.0
2023-03-02,44000,8280.0
2023-03-03,566500,105290.0
2023-03-04,76120,16863.0
2023-03-05,158900,29267.0
2023-03-06,341280,58939.0
2023-03-07,212600,40928.0
2023-03-08,225690,41508.0
2023-03-09,242000,37400.0
2023-03-10,555900,101672.0
2023-03-11,334500,61875.0
2023-03-12,623730,108160.5
2023-03-13,138600,25953.0
2023-03-14,19000,4750.0
2023-03-15,177600,31568.0
2023-03-16,404400,73866.0
2023-03-17,336800,57690.0
2023-03-18,111200,19611.0
2023-03-19,351000,63780.0
2023-03-20,373300,64174.0
2023-03-21,106210,21973.5
2023-03-22,225000,35500.0
2023-03-23,240000,43055.0
2023-03-24,189700,34690.0
2023-03-25,401500,73640.0
2023-03-26,327100,56548.0
2023-03-27,740600,133165.0
2023-03-28,328560,58548.0
2023-03-29,238000,48200.0
2023-03-30,101900,21690.0
2023-03-31,138400,27992.0
2023-04-01,209200,37718.0
2023-04-02,124000,22320.0
2023-04-03,797890,143990.5
2023-04-04,265900,48472.0
2023-04-05,663100,110198.0
2023-04-06,41100,8375.0
2023-04-07,25000,5935.0
2023-04-08,101200,19568.0
2023-04-09,274000,42640.0
2023-04-10,75500,14620.0
2023-04-11,115500,23475.0
2023-04-12,329500,61325.0
2023-04-13,156460,27897.0
2023-04-14,295800,46601.0
2023-04-15,24060,5524.0
2023-04-16,317600,58660.0
2023-04-17,699000,130390.0
2023-04-18,274100,54530.0
2023-04-19,66700,14066.0
2023-04-20,49400,8980.0
2023-04-21,26000,5780.0
2023-04-22,195000,37538.0
2023-04-23,432000,72360.0
2023-04-24,320200,56440.0
2023-04-25,244500,38425.0
2023-04-26,379000,65600.0
2023-04-27,453300,82660.0
2023-04-28,257500,42740.0
2023-04-29,134800,27530.0
2023-04-30,416500,71940.0
2023-05-01,346800,63592.0
2023-05-02,118120,22222.0
2023-05-03,253720,45852.0
2023-05-04,35400,7768.0
2023-05-05,87500,15895.0
2023-05-06,272000,47400.0
2023-05-07,268500,48620.0
2023-05-08,10500,2715.0
2023-05-09,67200,13540.0
2023-05-10,212700,42090.0
2023-05-11,102500,20500.0
2023-05-12,103350,16255.0
2023-05-13,434600,65710.0
2023-05-14,202500,32445.0
2023-05-15,250590,40990.0
2023-05-16,377700,69390.0
2023-05-17,49440,11471.0
2023-05-18,381800,66997.0
2023-05-19,263900,53327.0
2023-05-20,90400,14624.0
2023-05-21,144500,29435.0
2023-05-22,588110,98485.0
2023-05-23,407400,73669.0
2023-05-24,196400,38162.0
2023-05-25,299000,49060.0
2023-05-26,317060,50780.0
2023-05-27,255100,42365.0
2023-05-28,503000,84900.0
2023-05-29,610500,108070.0
2023-05-30,24600,5420.0
2023-05-31,192700,35650.0
2023-06-01,22610,4543.0
2023-06-02,292600,49905.0
2023-06-03,556100,95650.0
2023-06-04,38500,8497.0
2023-06-05,433220,73102.0
2023-06-06,346430,65910.0
2023-06-07,135410,24793.5
2023-06-08,214800,35804.0
2023-06-09,223300,44385.0
2023-06-10,169290,32446.5
2023-06-11,194000,40526.0
2023-06-12,164550,27761.0
2023-06-13,69700,13700.0
2023-06-14,596970,95819.0
2023-06-15,115520,19089.0
2023-06-16,535570,92336.0
2023-06-17,374000,63965.0
2023-06-18,142800,30222.0
2023-06-19,67000,11860.0
2023-06-20,327550,54872.5
2023-06-21,451000,77860.0
2023-06-22,965500,165790.0
2023-06-23,72990,14407.0
2023-06-24,262500,42745.0
2023-06-25,413000,75150.0
2023-06-26,520500,88996.0
2023-06-27,102470,21093.0
2023-06-28,281000,45380.0
2023-06-29,213140,38832.0
2023-06-30,468500,80525.0
2023-07-01,517000,96795.0
2023-07-02,63600,14138.0
2023-07-03,130200,23140.0
2023-07-04,218820,38087.0
2023-07-05,149330,29735.5
2023-07-06,76300,14740.0
2023-07-07,211000,38400.0
2023-07-08,47000,9165.0
2023-07-09,344800,62498.0
2023-07-10,615500,106293.0
2023-07-11,53000,11340.0
2023-07-12,193060,35211.0
2023-07-13,16850,3915.0
2023-07-14,138700,27755.0
2023-07-15,813700,151735.0
2023-07-16,26600,6060.0
2023-07-17,314250,55230.5
2023-07-18,242800,45030.0
2023-07-19,331500,60565.0
2023-07-20,743600,137020.0
2023-07-21,337500,62450.0
2023-07-22,217270,36841.0
2023-07-23,154200,27290.0
2023-07-24,425730,83398.5
2023-07-25,104500,17990.0
2023-07-26,163400,28020.0
2023-07-27,54700,11046.0
2023-07-28,44210,9538.0
2023-07-29,29250,6493.0
2023-07-30,423800,66864.0
2023-07-31,299900,50310.0
2023-08-01,275200,48020.0
2023-08-02,337700,63888.0
2023-08-03,737100,129626.0
2023-08-04,75790,14799.5
2023-08-05,24000,4800.0
2023-08-06,100300,18500.0
2023-08-07,261400,43685.0
2023-08-08,130120,25517.0
2023-08-09,165280,32934.0
2023-08-10,434900,80460.0
2023-08-11,519500,87410.0
2023-08-12,17400,3980.0
2023-08-13,183000,30250.0
2023-08-14,164000,30825.0
2023-08-15,161070,30841.0
2023-08-16,527000,85915.0
2023-08-17,67780,11934.0
2023-08-18,259330,47805.5
2023-08-19,661900,110770.0
2023-08-20,612200,111765.0
2023-08-21,291940,52660.0
2023-08-22,322200,55550.0
2023-08-23,333300,54980.0
2023-08-24,58800,11354.0
2023-08-25,548500,101660.0
2023-08-26,165700,33291.0
2023-08-27,277000,50620.0
2023-08-28,402000,63250.0
2023-08-29,795000,144630.0
2023-08-30,523500,88140.0
2023-08-31,342000,63435.0
2023-09-01,148000,26800.0
2023-09-02,96700,18930.0
2023-09-03,107000,18268.0
2023-09-04,134300,28054.0
2023-09-05,239600,45953.0
2023-09-06,282880,46434.0
2023-09-07,228200,38011.0
2023-09-08,337900,62870.0
2023-09-09,35400,8186.0
2023-09-10,378000,64840.0
2023-09-11,357000,62980.0
2023-09-12,78000,15640.0
2023-09-13,330600,54890.0
2023-09-14,390400,69525.0
2023-09-15,22400,5268.0
2023-09-16,171000,27590.0
2023-09-17,69600,15190.0
2023-09-18,8060,2068.0
2023-09-19,148500,28700.0
2023-09-20,262450,50910.0
2023-09-21,424600,72513.0
2023-09-22,374500,58490.0
2023-09-23,416400,73874.0
2023-09-24,153240,23891.5
2023-09-25,422560,69361.0
2023-09-26,599000,103550.0
2023-09-27,479500,86440.0
2023-09-28,67500,13900.0
2023-09-29,400500,62970.0
2023-09-30,257000,41400.0
2023-10-01,163140,33642.0
2023-10-02,27600,6424.0
2023-10-03,536400,100695.0
2023-10-04,168100,30206.0
2023-10-05,234900,36980.0
2023-10-06,274800,51440.0
2023-10-07,466400,80620.0
2023-10-08,101280,18304.0
2023-10-09,479000,81850.0
2023-10-10,67500,13550.0
2023-10-11,175600,30865.0
2023-10-12,173430,29020.5
2023-10-13,49600,9860.0
2023-10-14,215800,38740.0
2023-10-15,72000,16265.0
2023-10-16,3700,1086.0
2023-10-17,525000,84610.0
2023-10-18,97200,19600.0
2023-10-19,167600,29480.0
2023-10-20,359210,65013.0
2023-10-21,299200,55984.0
2023-10-22,85600,15547.0
2023-10-23,521600,95800.0
2023-10-24,310180,57564.0
2023-10-25,258000,46120.0
2023-10-26,73710,14288.0
2023-10-27,146700,29720.0
2023-10-28,587300,96565.0
2023-10-29,207000,33760.0
2023-10-30,136900,24632.0
2023-10-31,163280,29354.0
2023-11-01,4350,1105.0
2023-11-02,89500,15755.0
2023-11-03,298150,50542.5
2023-11-04,32900,5642.0
2023-11-05,594210,106633.0
2023-11-06,425660,81740.0
2023-11-07,563600,97040.0
2023-11-08,318300,54175.0
2023-11-09,154500,30760.0
2023-11-10,131500,26380.0
2023-11-11,117900,23870.0
2023-11-12,151500,28760.0
2023-11-13,284090,52990.0
2023-11-14,434800,77229.0
2023-11-15,307300,49978.0
2023-11-16,568400,95160.0
2023-11-17,223900,34972.0
2023-11-18,749230,127411.5
2023-11-19,127710,22188.0
2023-11-20,21900,4922.0
2023-11-21,170560,34151.0
2023-11-22,177100,36113.0
2023-11-23,99500,16050.0
2023-11-24,285500,48075.0
2023-11-25,177200,32864.0
2023-11-26,414300,76930.0
2023-11-27,204800,33049.0
2023-11-28,51720,11726.0
2023-11-29,285200,53140.0
2023-11-30,286200,47176.0
2023-12-01,583800,100980.0
2023-12-02,150000,25720.0
2023-12-03,288500,45710.0
2023-12-04,67200,15310.0
2023-12-05,19800,4730.0
2023-12-06,126500,22570.0
2023-12-07,18000,3780.0
2023-12-08,328000,59978.0
2023-12-09,341800,59381.0
2023-12-10,33000,7530.0
2023-12-11,259100,44830.0
2023-12-12,80500,16200.0
2023-12-13,156000,27975.0
2023-12-14,285500,48110.0
2023-12-15,387700,62425.0
2023-12-16,217000,36350.0
2023-12-17,224100,37468.0
2023-12-18,28370,6665.5
2023-12-19,198200,32789.0
2023-12-20,565000,93200.0
2023-12-21,98000,17660.0
2023-12-22,301300,47710.0
2023-12-23,444060,70541.0
2023-12-24,107470,17326.0
2023-12-25,334000,54520.0
2023-12-26,77150,14975.0
2023-12-27,138700,27996.0
2023-12-28,38500,8450.0
2023-12-29,145000,27506.0
2023-12-30,303900,53380.0
2023-12-31,45400,10450.0
2024-01-01,86800,15440.0
2024-01-02,262200,48430.0
2024-01-03,653700,115825.0
2024-01-04,90100,18368.0
2024-01-05,330800,58680.0
2024-01-06,308800,49950.0
2024-01-07,27500,6650.0
2024-01-08,346490,59631.5
2024-01-09,875000,148880.0
2024-01-10,901000,158960.0
2024-01-11,150200,27906.0
2024-01-12,159050,29339.5
2024-01-13,628500,105630.0
2024-01-14,333680,62481.0
2024-01-15,142100,22480.0
2024-01-16,15000,2880.0
2024-01-17,132700,20440.0
2024-01-18,54100,12598.0
2024-01-19,263600,46648.0
2024-01-20,462500,81615.0
2024-01-21,283950,52790.5
2024-01-22,101200,18620.0
2024-01-23,178700,31385.0
2024-01-24,362400,62550.0
2024-01-25,236300,44795.0
2024-01-26,219100,38300.0
2024-01-27,164370,30021.0
2024-01-28,559700,95958.0
2024-01-29,532000,93590.0
2024-01-30,37100,7484.0
2024-01-31,82300,14254.0
2024-02-01,49200,10130.0
2024-02-02,798700,139530.0
2024-02-03,91150,15772.5
2024-02-04,633500,115930.0
2024-02-05,71300,15204.0
2024-02-06,347600,63024.0
2024-02-07,384690,67191.5
2024-02-08,78400,13277.0
2024-02-09,305120,48102.0
2024-02-10,99400,18667.0
2024-02-11,318000,51650.0
2024-02-12,365900,59360.0
2024-02-13,396000,69295.0
2024-02-14,386140,61384.0
2024-02-15,310000,50310.0
2024-02-16,200100,35940.0
2024-02-17,529000,85600.0
2024-02-18,374500,69565.0
2024-02-19,80000,15160.0
2024-02-20,75500,12655.0
2024-02-21,30000,6360.0
2024-02-22,624000,109590.0
2024-02-23,534500,93190.0
2024-02-24,120100,22777.0
2024-02-25,126100,23445.0
2024-02-26,308700,53650.0
2024-02-27,420100,72020.0
2024-02-28,737000,125050.0
2024-02-29,763000,140590.0
2024-03-01,54800,11644.0
2024-03-02,121900,22480.0
2024-03-03,373560,56996.0
2024-03-04,411800,73600.0
2024-03-05,86200,16410.0
2024-03-06,317000,54640.0
2024-03-07,462500,87150.0
2024-03-08,129500,21775.0
2024-03-09,427400,75815.0
2024-03-10,127620,25992.0
2024-03-11,208300,37640.0
2024-03-12,189800,30159.0
2024-03-13,707500,114465.0
2024-03-14,247350,45295.0
2024-03-15,381900,70356.0
2024-03-16,80500,14125.0
2024-03-17,298400,46000.0
2024-03-18,103100,18860.0
2024-03-19,204600,37788.0
2024-03-20,60100,11418.0
2024-03-21,656990,119383.5
2024-03-22,279600,49188.0
2024-03-23,440000,81320.0
2024-03-24,301500,50820.0
2024-03-25,113700,22719.0
2024-03-26,364100,64755.0
2024-03-27,41500,7920.0
2024-03-28,44600,10850.0
2024-03-29,404150,65452.5
2024-03-30,360400,67680.0
2024-03-31,123000,23300.0
2024-04-01,101830,20754.5
2024-04-02,344150,65682.5
2024-04-03,44600,8210.0
2024-04-04,283530,47070.5
2024-04-05,108400,21552.0
2024-04-06,281750,45055.5
2024-04-07,196690,34626.5
2024-04-08,585300,98365.0
2024-04-09,185700,29920.0
2024-04-10,319000,56700.0
2024-04-11,404300,70480.0
2024-04-12,82200,13840.0
2024-04-13,19000,3915.0
2024-04-14,602700,103080.0
2024-04-15,535000,82700.0
2024-04-16,122000,19820.0
2024-04-17,170000,28600.0
2024-04-18,39400,7532.0
2024-04-19,380000,66265.0
2024-04-20,675500,122500.0
2024-04-21,266230,48430.5
2024-04-22,316120,58747.0
2024-04-23,240000,39806.0
2024-04-24,441300,78560.0
2024-04-25,499750,93565.0
2024-04-26,277000,52176.0
2024-04-27,250500,45255.0
2024-04-28,546620,94885.0
2024-04-29,399100,75328.0
2024-04-30,39500,7130.0
2024-05-01,87200,18076.0
2024-05-02,197000,36820.0
2024-05-03,217200,40346.0
2024-05-04,437800,75544.0
2024-05-05,120700,23800.0
2024-05-06,23790,5221.5
2024-05-07,29500,6775.0
2024-05-08,168290,28144.5
2024-05-09,485200,84551.0
2024-05-10,297600,54720.0
2024-05-11,106070,19268.0
2024-05-12,338800,60323.0
2024-05-13,162000,26575.0
2024-05-14,17500,3800.0
2024-05-15,202500,36395.0
2024-05-16,164060,30341.0
2024-05-17,158400,32010.0
2024-05-18,22250,5072.5
2024-05-19,229400,37480.0
2024-05-20,370280,63134.0
2024-05-21,159000,29020.0
2024-05-22,590450,95202.5
2024-05-23,278000,50570.0
2024-05-24,289900,51302.0
2024-05-25,152600,26330.0
2024-05-26,122200,21808.0
2024-05-27,143200,26208.0
2024-05-28,456050,71695.0
2024-05-29,250800,48330.0
2024-05-30,187700,31765.0
2024-05-31,498000,90740.0
2024-06-01,130900,26980.0
2024-06-02,413070,75431.0
2024-06-03,5560,1328.0
2024-06-04,208890,41427.0
2024-06-05,46850,9860.0
2024-06-06,285500,49450.0
2024-06-07,25600,5200.0
2024-06-08,188600,35240.0
2024-06-09,391600,73118.0
2024-06-10,210000,38780.0
2024-06-11,343400,59800.0
2024-06-12,299400,48195.0
2024-06-13,297710,48113.0
2024-06-14,732060,134950.0
2024-06-15,227800,42980.0
2024-06-16,270210,41673.5
2024-06-17,11750,3140.5
2024-06-18,140400,24170.0
2024-06-19,219770,36093.0
2024-06-20,316000,52550.0
2024-06-21,50420,10826.0
2024-06-22,24800,5204.0
2024-06-23,34870,6465.0
2024-06-24,109360,20015.0
2024-06-25,539700,90890.0
2024-06-26,174200,35551.0
2024-06-27,183600,36720.0
2024-06-28,159400,31912.0
2024-06-29,328300,61999.0
2024-06-30,150500,26265.0
2024-07-01,33600,7370.0
2024-07-02,266710,43733.0
2024-07-03,251390,45895.5
2024-07-04,228500,41755.0
2024-07-05,649300,118886.0
2024-07-06,51000,10200.0
2024-07-07,46000,8120.0
2024-07-08,494900,82752.0
2024-07-09,174400,31842.0
2024-07-10,710000,118540.0
2024-07-11,248700,43011.0
2024-07-12,811210,150633.0
2024-07-13,237500,41960.0
2024-07-14,376900,69210.0
2024-07-15,183200,27730.0
2024-07-16,127760,19581.0
2024-07-17,426720,67882.0
2024-07-18,396000,72240.0
2024-07-19,17800,4055.0
2024-07-20,29800,5730.0
2024-07-21,482150,85227.5
2024-07-22,304900,57567.0
2024-07-23,466500,81165.0
2024-07-24,245300,41645.0
2024-07-25,168600,28000.0
2024-07-26,682600,123380.0
2024-07-27,655300,119680.0
2024-07-28,270500,46945.0
2024-07-29,37780,8074.0
2024-07-30,139460,22111.0
2024-07-31,396400,69870.0
2024-08-01,279060,51816.0
2024-08-02,166600,25650.0
2024-08-03,633900,102878.0
2024-08-04,309500,48810.0
2024-08-05,350800,57664.0
2024-08-06,360900,71225.0
2024-08-07,173500,35005.0
2024-08-08,333700,61670.0
2024-08-09,682500,123955.0
2024-08-10,330650,55777.5
2024-08-11,96300,18424.0
2024-08-12,344000,56840.0
2024-08-13,129900,24574.0
2024-08-14,680000,115190.0
2024-08-15,746500,136725.0
2024-08-16,18000,3455.0
2024-08-17,290030,47810.5
2024-08-18,89700,16286.0
2024-08-19,259000,48050.0
2024-08-20,170960,33503.0
2024-08-21,370840,60282.0
2024-08-22,184760,33384.0
2024-08-23,414100,79275.0
2024-08-24,643480,103444.0
2024-08-25,89700,19510.0
2024-08-26,4000,800.0
2024-08-27,182300,31570.0
2024-08-28,228840,45266.0
2024-08-29,279500,46890.0
2024-08-30,212000,34080.0
2024-08-31,422590,70511.5
2024-09-01,370,115.5
2024-09-02,114200,23240.0
2024-09-03,284300,46530.0
2024-09-04,81660,17291.0
2024-09-05,73100,14438.0
2024-09-06,633000,111455.0
2024-09-07,173850,31927.5
2024-09-08,815710,129113.0
2024-09-09,212640,35807.0
2024-09-10,248590,38081.5
2024-09-11,812500,142100.0
2024-09-12,88900,17285.0
2024-09-13,79200,13810.0
2024-09-14,500200,86601.0
2024-09-15,146700,25795.0
2024-09-16,308850,47755.0
2024-09-17,142900,25762.0
2024-09-18,185200,30986.0
2024-09-19,185650,34537.5
2024-09-20,1113030,202015.5
2024-09-21,172700,31943.0
2024-09-22,252900,47490.0
2024-09-23,72500,15270.0
2024-09-24,413790,78636.0
2024-09-25,58800,12500.0
2024-09-26,298940,54479.0
2024-09-27,59000,11420.0
2024-09-28,140990,29051.5
2024-09-29,462700,85180.0
2024-09-30,78400,14960.0
2024-10-01,292000,44640.0
2024-10-02,801100,139850.0
2024-10-03,434210,73358.5
2024-10-04,346400,63012.0
2024-10-05,246220,44602.0
2024-10-06,48800,10064.0
2024-10-07,585500,108470.0
2024-10-08,589820,106967.0
2024-10-09,219000,38295.0
2024-10-10,412450,67342.5
2024-10-11,459700,79590.0
2024-10-12,11460,2711.0
2024-10-13,252280,44484.0
2024-10-14,92200,16828.0
2024-10-15,139400,24270.0
2024-10-16,94320,19642.0
2024-10-17,386660,65589.0
2024-10-18,164900,27002.0
2024-10-19,35500,8285.0
2024-10-20,409780,72544.0
2024-10-21,20100,5043.0
2024-10-22,910510,164934.0
2024-10-23,127200,21200.0
2024-10-24,79000,13550.0
2024-10-25,610620,98752.0
2024-10-26,289400,46537.0
2024-10-27,48200,10164.0
2024-10-28,211800,39356.0
2024-10-29,706460,117491.0
2024-10-30,242500,39820.0
2024-10-31,529000,88215.0
2024-11-01,101900,18357.0
2024-11-02,381110,69403.0
2024-11-03,574600,102952.0
2024-11-04,171500,28550.0
2024-11-05,65000,13060.0
2024-11-06,229500,39845.0
2024-11-07,313140,57972.5
2024-11-08,10650,2779.0
2024-11-09,371280,59054.0
2024-11-10,329000,50100.0
2024-11-11,110810,19795.0
2024-11-12,391500,61040.0
2024-11-13,350900,60536.0
2024-11-14,409800,74520.0
2024-11-15,517640,94887.0
2024-11-16,582300,99448.0
2024-11-17,158800,26172.0
2024-11-18,238680,38584.0
2024-11-19,100000,20100.0
2024-11-20,192970,36070.0
2024-11-21,282000,45557.0
2024-11-22,347500,56874.0
2024-11-23,404800,74330.0
2024-11-24,275900,47146.0
2024-11-25,342210,56945.0
2024-11-26,517210,85593.0
2024-11-27,84900,16470.0
2024-11-28,208800,37125.0
2024-11-29,871400,141410.0
2024-11-30,44900,9512.0
2024-12-01,344010,58878.0
2024-12-02,54700,11000.0
2024-12-03,163810,29861.0
2024-12-04,119500,25275.0
2024-12-05,483000,88280.0
2024-12-06,161800,29559.0
2024-12-07,57200,11180.0
2024-12-08,257260,41157.0
2024-12-09,451430,82257.5
2024-12-10,209890,38111.5
2024-12-11,32500,7125.0
2024-12-12,390600,64894.0
2024-12-13,140690,29031.5
2024-12-14,482500,88020.0
2024-12-15,16800,3985.0
2024-12-16,295000,55025.0
2024-12-17,508000,88355.0
2024-12-18,174200,33121.0
2024-12-19,41800,8740.0
2024-12-20,361400,63405.0
2024-12-21,185500,31910.0
2024-12-22,631600,103270.0
2024-12-23,127500,23500.0
2024-12-24,87500,18715.0
2024-12-25,166700,25545.0
2024-12-26,125100,20240.0
2024-12-27,59400,13121.0
2024-12-28,197600,35840.0
2024-12-29,64760,13171.0
2024-12-30,248000,43510.0
2024-12-31,464900,76062.0
